,rev_per_student_calc,pct_hisp,pct_black,pct_white,poverty_rate_5_17,diplomas_per_100,Pupil/Teacher Ratio [District] 2023-24
rev_per_student_calc,1.0,0.4470559014222212,0.2033310147051491,0.44281447200049207,0.07267092995168527,0.11051210494797334,-0.08967435955433692
pct_hisp,0.4470559014222212,1.0,0.2145591490696851,-0.13928048283848277,0.13498822355250273,-0.024756563151793667,0.09287596112890244
pct_black,0.2033310147051491,0.2145591490696851,1.0,-0.24816705448327006,0.4409295489450981,-0.07576869821225177,0.011624067878138378
pct_white,0.44281447200049207,-0.13928048283848277,-0.24816705448327006,1.0,-0.21877082386815602,0.0693689660369557,-0.09800942902597422
poverty_rate_5_17,0.07267092995168527,0.13498822355250273,0.4409295489450981,-0.21877082386815602,1.0,-0.0681674343659956,-0.023687575787404852
diplomas_per_100,0.11051210494797334,-0.024756563151793667,-0.07576869821225177,0.0693689660369557,-0.0681674343659956,1.0,-0.018938759547382947
Pupil/Teacher Ratio [District] 2023-24,-0.08967435955433692,0.09287596112890244,0.011624067878138378,-0.09800942902597422,-0.023687575787404852,-0.018938759547382947,1.0
